index,year_start,year_end,date,detail,era,event
0,-3200,-3200,c. 3200 BC,,Ancient & Classical,Sumerian cuneiform writing system and Egyptian hieroglyphs
1,-3200,-3200,3200 BC,,Ancient & Classical,Newgrange built in Ireland
2,-3200,-3200,3200 BC,,Ancient & Classical,Cycladic culture in Greece
3,-3200,-3200,3200 BC,,Ancient & Classical,Norte Chico civilization begins in Peru
4,-3200,-3200,3200 BC,,Ancient & Classical,Rise of Proto-Elamite Civilization in Iran
5,-3150,-3150,3150 BC,,Ancient & Classical,First Dynasty of Egypt
6,-3100,-3100,3100 BC,,Ancient & Classical,Skara Brae in Scotland
7,-3000,-3000,c. 3000 BC,,Ancient & Classical,Egyptian calendar
8,-3000,-3000,c. 3000 BC,,Ancient & Classical," Stonehenge construction begins. In its first version, it consisted of a circular ditch and bank, with . wooden posts."
9,-3000,-3000,c. 3000 BC,,Ancient & Classical,Cucuteni-Trypillian culture in Romania and Ukraine
10,-3000,-3000,3000 BC,,Ancient & Classical,Jiroft civilization begins in Iran
11,-3000,-3000,3000 BC,,Ancient & Classical,First known use of papyrus by Egyptians
12,-2800,-2800,2800 BC,,Ancient & Classical,Kot Diji phase of the Indus Valley Civilization begins
13,-2800,-2800,2800 BC,,Ancient & Classical,Longshan culture in China
14,-2700,-2700,2700 BC,,Ancient & Classical, Minoan Civilization ancient palace city Knossos reach 80000 inhabitants
15,-2700,-2700,2700 BC,,Ancient & Classical,Rise of Elam in Iran
16,-2700,-2700,2700 BC,,Ancient & Classical,The Epic of Gilgamesh becomes the first written story
17,-2700,-2700,2700 BC,,Ancient & Classical,The Old Kingdom begins in Egypt
18,-2600,-2600,2600 BC,,Ancient & Classical,"Oldest known surviving literature: Sumerian texts from Abu Salabikh, including the Instructions of Shuruppak and the Kesh temple hymn."
19,-2600,-2600,2600 BC,,Ancient & Classical,Mature Harappan phase of the Indus Valley civilization (in present-day Pakistan and India) begins
20,-2600,-2600,2600 BC,,Ancient & Classical,Emergence of Maya culture in the Yucatán Peninsula
21,-2560,-2560,2560 BC,,Ancient & Classical,King Khufu completes the Great Pyramid of Giza.  The Land of Punt in the Horn of Africa first appears in Egyptian records around this time.
22,-2500,-1500,2500-1500 BC,,Ancient & Classical,Kerma culture in Nubia
23,-2500,-2500,2500 BC,,Ancient & Classical,The mammoth goes extinct.
24,-2334,-2270,2334 or 2270 BC,,Ancient & Classical," Akkadian Empire is founded, dating depends upon whether the Middle chronology or the Short chronology is used."
25,-2250,-2250,2250 BC,,Ancient & Classical," Oldest known depiction of the Staff God, the oldest image of a god to be found in the Americas."
26,-2200,-2100,2200-2100 BC,,Ancient & Classical,"The 4.2-kiloyear BP aridification event: It has been hypothesised to have caused the collapse of the Old Kingdom in Egypt, the Akkadian Empire in Mesopotamia, and the Liangzhu culture in the lower Yangtze River area."
27,-2200,-2200,2200 BC,,Ancient & Classical,completion of Stonehenge.
28,-2055,-2055,2055 BC,,Ancient & Classical,The Middle Kingdom begins in Egypt
29,-2000,-2000,2000 BC,,Ancient & Classical,Domestication of the horse
30,-1900,-1900,1900 BC,,Ancient & Classical,Erlitou culture in China
31,-1800,-1800,1800 BC,,Ancient & Classical,alphabetic writing emerges
32,-1780,-1780,1780 BC,,Ancient & Classical,Oldest Record of Hammurabi's Code.
33,-1700,-1700,1700 BC,,Ancient & Classical,Indus Valley Civilization comes to an end but is continued by the Cemetery H culture
34,-1600,-1600,1600 BC,,Ancient & Classical,Minoan civilization on Crete is destroyed by the Minoan eruption of Santorini island.
35,-1600,-1600,1600 BC,,Ancient & Classical,Mycenaean Greece
36,-1600,-1600,1600 BC,,Ancient & Classical," The beginning of Shang Dynasty in China, evidence of a fully developed Chinese writing system"
37,-1600,-1600,1600 BC,,Ancient & Classical,Beginning of Hittite dominance of the Eastern Mediterranean region
38,-1550,-1550,c.1550 BC,,Ancient & Classical,The  New Kingdom begins in Egypt
39,-1500,-1500,1500 BC,,Ancient & Classical,Composition of the Rigveda is completed
40,-1400,-1400,c.1400 BC,,Ancient & Classical,Oldest known song with notation
41,-1400,-400,1400-400 BC,,Ancient & Classical," Olmec civilization flourishes in Pre-Columbian Mexico, during Mesoamerica's Formative period"
42,-1200,-1200,1200 BC,,Ancient & Classical,The Hallstatt culture
43,-1200,-1150,1200-1150 BC,,Ancient & Classical,Bronze Age collapse in Southwestern Asia and in the Eastern Mediterranean region. This period is also the setting of the Iliad and the Odyssey epic poems (which were composed about four centuries later).
44,-1180,-1180,c. 1180 BC,,Ancient & Classical,Disintegration of Hittite Empire
45,-1100,-1100,1100 BC,,Ancient & Classical,Use of Iron spreads.
46,-1046,-1046,1046 BC,,Ancient & Classical,The Zhou force (led by King Wu of Zhou) overthrow the last king of Shang Dynasty
47,-1000,-1000,1000 BC,,Ancient & Classical,Nok culture in West Africa
48,-1000,-1000,c.1000 BC,,Ancient & Classical," King David begins his reign as the second King of Israel, after Saul"
49,-970,-970,970 BC,,Ancient & Classical," King Solomon begins his reign as third King of Israel, after David"
50,-890,-890,890 BC,,Ancient & Classical,Approximate date for the composition of the Iliad and the Odyssey
51,-814,-814,814 BC,,Ancient & Classical,Foundation of Carthage by the Phoenicians in today known Tunisia
52,-800,-800,800 BC,,Ancient & Classical,Rise of Greek city-states
53,-788,-788,788 BC,,Ancient & Classical,Iron Ancient in Sungai Batu (Old Kedah)
54,-785,-785,c.785 BC,,Ancient & Classical,Rise of the Kingdom of Kush
55,-776,-776,776 BC,,Ancient & Classical,First recorded Ancient Olympic Games.
56,-753,-753,753 BC,,Ancient & Classical,Founding of Rome (traditional date)
57,-745,-745,745 BC,,Ancient & Classical,Tiglath-Pileser III becomes the new king of Assyria. With time he conquers neighboring countries and turns Assyria into an empire.
58,-728,-728,728 BC,,Ancient & Classical,Rise of the Median Empire.
59,-722,-722,722 BC,,Ancient & Classical,Spring and Autumn period begins in China. The era of the Hundred Schools of Thought.
60,-700,-700,700 BC,,Ancient & Classical,The construction of Marib Dam in Arabia Felix.
61,-660,-660,660 BC,,Ancient & Classical," Purported date of the accession of Jimmu, the mythical first Emperor of Japan."
62,-653,-653,653 BC,,Ancient & Classical,Rise of Persian Empire.
63,-612,-612,612 BC,,Ancient & Classical," An alliance between the Babylonians, Medes, and Scythians succeeds in destroying Nineveh and causing subsequent fall of the Assyrian empire."
64,-600,-600,600 BC,,Ancient & Classical,Pandyan kingdom in South India.
65,-600,-600,600 BC,,Ancient & Classical," Sixteen Maha Janapadas (""Great Realms"" or ""Great Kingdoms"") emerge in India."
66,-600,-600,600 BC,,Ancient & Classical,Evidence of writing system appear in Oaxaca used by the Zapotec civilization.
67,-600,-600,c. 600 BC,,Ancient & Classical,Rise of the Sao civilisation near Lake Chad
68,-563,-563,563 BC,,Ancient & Classical," Siddhartha Gautama (Buddha), founder of Buddhism is born as a prince of the Shakya tribe, which ruled parts of Magadha, one of the Maha Janapadas."
69,-551,-551,551 BC,,Ancient & Classical," Confucius, founder of Confucianism, is born."
70,-550,-550,550 BC,,Ancient & Classical,Foundation of the Persian Empire by Cyrus the Great.
71,-549,-549,549 BC,,Ancient & Classical," Mahavira, founder of Jainism, is born."
72,-546,-546,546 BC,,Ancient & Classical,Cyrus the Great overthrows Croesus King of Lydia.
73,-544,-544,544 BC,,Ancient & Classical,Rise of Magadha as the dominant power under Bimbisara.
74,-539,-539,539 BC,,Ancient & Classical,The fall of the Babylonian Empire and liberation of the Jews by Cyrus the Great.
75,-529,-529,529 BC,,Ancient & Classical,Death of Cyrus
76,-525,-525,525 BC,,Ancient & Classical,Cambyses II of Persia conquers Egypt.
77,-512,-512,c. 512 BC,,Ancient & Classical," Darius I (Darius the Great) of Persia, subjugates eastern Thrace, Macedonia submits voluntarily, and annexes Libya, Persian Empire at largest extent."
78,-509,-509,509 BC,,Ancient & Classical," Expulsion of the last King of Rome, founding of Roman Republic (traditional date)."
79,-508,-508,508 BC,,Ancient & Classical,Democracy instituted at Athens
80,-500,-500,c. 500 BC,,Ancient & Classical,Completion  of Euclid's Elements
81,-500,-500,500 BC,,Ancient & Classical,Panini standardizes the grammar and morphology of Sanskrit in the text Ashtadhyayi. Panini's standardized Sanskrit is known as Classical Sanskrit.
82,-500,-500,500 BC,,Ancient & Classical,Pingala uses zero and binary numeral system
83,-499,-499,499 BC,,Ancient & Classical," King Aristagoras of Miletus incites all of Hellenic Asia Minor to rebel against the Persian Empire, beginning the Greco-Persian Wars."
84,-490,-490,490 BC,,Ancient & Classical,Greek city-states defeat Persian invasion at Battle of Marathon
85,-483,-483,483 BC,,Ancient & Classical,Death of Gautama Buddha
86,-480,-480,480 BC,,Ancient & Classical,Persian invasion of Greece by Xerxes
87,-479,-479,479 BC,,Ancient & Classical,Death of Confucius
88,-475,-475,475 BC,,Ancient & Classical,Warring States period begins in China as the Zhou king became a mere figurehead
89,-470,-469,470/469 BC,,Ancient & Classical,Birth of Socrates
90,-465,-465,465 BC,,Ancient & Classical,Murder of Xerxes
91,-460,-460,460 BC,,Ancient & Classical,Birth of Democritus
92,-458,-458,458 BC,,Ancient & Classical," The Oresteia by Aeschylus, the only surviving trilogy of ancient Greek plays, is performed."
93,-449,-449,449 BC,,Ancient & Classical,The Greco-Persian Wars end.
94,-447,-447,447 BC,,Ancient & Classical,Building of the Parthenon at Athens started
95,-432,-432,432 BC,,Ancient & Classical,Construction of the Parthenon is completed
96,-431,-431,431 BC,,Ancient & Classical,Beginning of the Peloponnesian war between the Greek city-states
97,-429,-429,429 BC,,Ancient & Classical,Sophocles's play Oedipus Rex is first performed
98,-427,-427,427 BC,,Ancient & Classical,Birth of Plato
99,-424,-424,424 BC,,Ancient & Classical,Nanda dynasty comes to power.
100,-404,-404,404 BC,,Ancient & Classical,End of the Peloponnesian War
101,-400,-400,400 BC,,Ancient & Classical,Zapotec culture flourishes around city of Monte Albán
102,-400,-400,c. 400 BC,,Ancient & Classical,Rise of the Garamantes as an irrigation-based desert state in the Fezzan region of Libya
103,-399,-399,399 BC,,Ancient & Classical,Death of Socrates
104,-384,-384,384 BC,,Ancient & Classical,Birth of Aristotle
105,-370,-370,370 BC,,Ancient & Classical,Death of Democritus
106,-331,-331,331 BC,,Ancient & Classical," Alexander the Great defeats Darius III of Persia in the Battle of Gaugamela, completing his conquest of Persia."
107,-326,-326,326 BC,,Ancient & Classical,Alexander the Great defeats Indian king Porus in the Battle of the Hydaspes River.
108,-323,-323,323 BC,,Ancient & Classical,Death of Alexander the Great at Babylon.
109,-322,-322,322 BC,,Ancient & Classical,Death of Aristotle
110,-321,-321,321 BC,,Ancient & Classical,Chandragupta Maurya overthrows the Nanda Dynasty of Magadha.
111,-305,-305,305 BC,,Ancient & Classical,"Chandragupta Maurya seizes the satrapies of Paropanisadai (Kabul), Aria (Herat), Arachosia (Qanadahar) and Gedrosia (Baluchistan) from Seleucus I Nicator, in return for 500 elephants."
112,-300,-300,300 BC,,Ancient & Classical,Sangam literature period in the history of ancient southern India (known as the Tamilakam)
113,-300,-300,300 BC,,Ancient & Classical,Chola Empire in South India
114,-300,-300,300 BC,,Ancient & Classical,"Construction of the Great Pyramid of Cholula, the world's largest pyramid by volume (despite the Great Pyramid of Giza being taller) begins in Cholula, Puebla, Mexico."
115,-273,-273,273 BC,,Ancient & Classical,Ashoka becomes the emperor of the Mauryan Empire
116,-261,-261,261 BC,,Ancient & Classical,Kalinga war
117,-257,-257,257 BC,,Ancient & Classical,Thục Dynasty takes over Việt Nam (then Kingdom of Âu Lạc)
118,-255,-255,255 BC,,Ancient & Classical,Ashoka sends a Buddhist missionary led by his son who was Mahinda Thero (Buddhist monk) to Sri Lanka (then Lanka) Mahinda (Buddhist monk)
119,-250,-250,250 BC,,Ancient & Classical," Rise of Parthia (Ashkâniân), the second native dynasty of ancient Persia"
120,-232,-232,232 BC,,Ancient & Classical,Death of Emperor Ashoka
121,-230,-230,230 BC,,Ancient & Classical,Emergence of Satavahanas in South India
122,-221,-221,221 BC,,Ancient & Classical," Qin Shi Huang unifies China, end of Warring States period; marking the beginning of Imperial rule in China which lasts until .. Construction of the Great Wall by the Qin Dynasty begins."
123,-207,-207,207 BC,,Ancient & Classical,Kingdom of Nan Yueh extends from Canton to North Việt Nam .
124,-206,-206,206 BC,,Ancient & Classical," Han Dynasty established in China, after the death of Qin Shi Huang; China in this period officially becomes a Confucian state and opens trading connections with the West, i.e. the Silk Road."
125,-202,-202,202 BC,,Ancient & Classical,Scipio Africanus defeats Hannibal at Battle of Zama.
126,-200,-200,200 BC,,Ancient & Classical," El Mirador, largest early Maya city, flourishes."
127,-200,-200,200 BC,,Ancient & Classical,Paper is invented in China.
128,-200,-200,c. 200 BC,,Ancient & Classical,Chera dynasty in South India.
129,-185,-185,185 BC,,Ancient & Classical,Shunga Empire founded.
130,-149,-146,149-146 BC,,Ancient & Classical," Third Punic War between Rome and Carthage. War ends with the complete destruction of Carthage, allowing Rome to conquer modern day Tunisia and Libya."
131,-146,-146,146 BC,,Ancient & Classical," Roman conquest of Greece, see Roman Greece"
132,-121,-121,121 BC,,Ancient & Classical,Roman armies enter Gaul for the first time.
133,-111,-111,111 BC,,Ancient & Classical,First Chinese domination of Việt Nam in the form of the Nanyue Kingdom.
134,-100,-100,c. 100 BC,,Ancient & Classical,Chola dynasty rises in prominence.
135,-82,-82,c. 82 BC,,Ancient & Classical,Burebista becomes the king of Dacia.
136,-80,-80,80 BC,,Ancient & Classical,The city of Florence is founded.
137,-60,-44,c. 60-44 BC,,Ancient & Classical," Burebista conquers territories from south Germany to Thrace,reaching the coast of the Aegean sea."
138,-49,-49,49 BC,,Ancient & Classical,Roman Civil War between Julius Caesar and Pompey the Great.
139,-44,-44,44 BC,,Ancient & Classical,Julius Caesar murdered by Marcus Brutus and others
140,-44,-44,44 BC,,Ancient & Classical,Burebista is assassinated in the same year like Julius Caesar and his empire brokes in . and later . kingdoms in modern-day Romania.
141,-40,-40,40 BC,,Ancient & Classical,Roman conquest of Egypt.
142,-30,-30,30 BC,,Ancient & Classical,Cleopatra ends her reign as the last active ruler of the Ptolemaic Kingdom of Egypt
143,-27,-27,27 BC,,Ancient & Classical,Formation of Roman Empire:  Octavius is given titles of Princeps and Augustus by Roman Senate - beginning of Pax Romana. Formation of influential Praetorian Guard to provide security to Emperor
144,-18,-18,18 BC,,Ancient & Classical,Three Kingdoms period begins in Korea. The temple of Jerusalem is reconstructed.
145,-6,-6,6 BC,,Ancient & Classical,Earliest theorized date for birth of Jesus of Nazareth. Roman succession:  Gaius Caesar and Lucius Caesar groomed for the throne.
146,-4,-4,4 BC,,Ancient & Classical,Widely accepted date (Ussher) for birth of Jesus Christ.
147,9,9,9,,Ancient & Classical," Battle of the Teutoburg Forest, the Imperial Roman Army's bloodiest defeat."
148,14,14,14,,Ancient & Classical," Death of Emperor Augustus (Octavian), ascension of his adopted son Tiberius to the throne."
149,26,34,26-34,,Ancient & Classical," Crucifixion of Jesus Christ, exact date unknown."
150,37,37,37,,Ancient & Classical," Death of Emperor Tiberius, ascension of his nephew Caligula to the throne."
151,40,40,40,,Ancient & Classical,Rome conquers Morocco.
152,41,41,41,,Ancient & Classical,Emperor Caligula is assassinated by the Roman senate. His uncle Claudius succeeds him.
153,43,43,43,,Ancient & Classical,Rome enters Britain for the first time.
154,54,54,54,,Ancient & Classical,Emperor Claudius dies and is succeeded by his grand nephew Nero.
155,68,68,68,,Ancient & Classical," Emperor Nero commits suicide, prompting the Year of the four emperors in Rome."
156,70,70,70,,Ancient & Classical,Destruction of Jerusalem by the armies of Titus.
157,79,79,79,,Ancient & Classical,Destruction of Pompeii by the volcano Vesuvius.
158,98,98,98,,Ancient & Classical," After a two-year rule, Emperor Nerva dies of natural causes, his adopted son Trajan succeeds him."
159,100,940,100-940,,Ancient & Classical,Kingdom of Aksum in the Horn of Africa
160,106,117,106-117,,Ancient & Classical," Roman Empire at largest extent under Emperor Trajan after having conquered modern-day Romania, Iraq and Armenia."
161,117,117,117,,Ancient & Classical,Trajan dies of natural causes. His adopted son Hadrian succeeds him. Hadrian pulls out of Iraq and Armenia.
162,126,126,126,,Ancient & Classical,Hadrian completes the Pantheon in Rome.
163,138,138,138,,Ancient & Classical,Hadrian dies of natural causes. His adopted son Antoninus Pius succeeds him.
164,161,161,161,,Ancient & Classical,Death of Antoninus Pius. His rule was the only one in which Rome did not fight in a war.
165,161,161,161,,Ancient & Classical,Marcus Aurelius becomes emperor of the Roman Empire. He is often ranked by historians as one of the greatest roman emperors.
166,180,180,180,,Ancient & Classical,Reign of Marcus Aurelius officially ends.
167,180,181,180 - 181,,Ancient & Classical,Commodus becomes Roman Emperor.
168,192,192,192,,Ancient & Classical,Kingdom of Champa in Central Việt Nam.
169,200,200,200s,,Ancient & Classical,The Buddhist Srivijaya Empire established in Maritime Southeast Asia.
170,220,220,220,,Ancient & Classical,Three Kingdoms period begins in China after the fall of Han Dynasty.
171,226,226,226,,Ancient & Classical,Fall of the Parthian Empire and Rise of the Sassanian Empire.
172,238,238,238,,Ancient & Classical," Defeat of Gordian III (.–.), Philip the Arab (.–.), and Valerian (.–.), by Shapur I of Persia, (Valerian was captured by the Persians)."
173,280,280,280,,Ancient & Classical,Emperor Wu established Jin Dynasty providing a temporary unity of China after the devastating Three Kingdoms period.
174,285,285,285,,Ancient & Classical,Diocletian becomes emperor of Rome and splits the Roman Empire into Eastern and Western Empires.
175,285,285,285,,Ancient & Classical,Diocletian begins a large-scale persecution of Christians.
176,292,292,292,,Ancient & Classical,The capital of the Roman empire is officially moved from Rome to Mediolanum (modern day Milan).
177,301,301,301,,Ancient & Classical,Diocletian's edict on prices
178,313,313,313,,Ancient & Classical,Edict of Milan declared that the Roman Empire would tolerate all forms of religious worship.
179,325,325,325,,Ancient & Classical,Constantine I organizes the First Council of Nicaea.
180,330,330,330,,Ancient & Classical,Constantinople is officially named and becomes the capital of the eastern Roman Empire.
181,335,335,335,,Ancient & Classical,Samudragupta becomes the emperor of the Gupta empire.
182,337,337,337,,Ancient & Classical," Emperor Constantine I dies, leaving his sons Constantius II, Constans I, and Constantine II as the emperors of the Roman empire."
183,350,350,350,,Ancient & Classical,Constantius II is left sole emperor with the death of his two brothers.
184,354,354,354,,Ancient & Classical,Birth of Augustine of Hippo
185,361,361,361,,Ancient & Classical," Constantius II dies, his cousin Julian succeeds him."
186,378,378,378,,Ancient & Classical," Battle of Adrianople, Roman army is defeated by the Germanic tribes."
187,380,380,380,,Ancient & Classical,Roman Emperor Theodosius I declares the Arian faith of Christianity heretical.
188,395,395,395,,Ancient & Classical,Theodosius I outlaws all religions other than Catholic Christianity.
189,406,406,406,,Ancient & Classical,Romans are expelled from Britain.
190,407,409,407-409,,Ancient & Classical,Visigoths and other Germanic tribes cross into Roman-Gaul for the first time.
191,410,410,410,,Ancient & Classical,Visigoths sacks Rome for the first time since ..
192,415,415,415,,Ancient & Classical,Germanic tribes enter Spain.
193,429,429,429,,Ancient & Classical,Vandals enter North Africa from Spain for the first time
194,439,439,439,,Ancient & Classical,Vandals have conquered the land stretching from Morocco to Tunisia by this time.
195,455,455,455,,Ancient & Classical," Vandals sack Rome, capture Sicily and Sardinia."
196,455,455,c. 455,,Ancient & Classical,Skandagupta repels an Indo-Hephthalite attack on India.
197,476,476,476,,Ancient & Classical,"Romulus Augustus, last Western Roman Emperor is forced to abdicate by Odoacer, a chieftain of the Germanic Heruli"
199,400,400,c. 400 ,Begins the decline of Maya culture and language in some parts of the highlands.,Medieval,Highland Maya fall to the lowland city of Teotihuacan
200,405,405,405,The Christian Gospel is translated into Latin.,Medieval,St. Jerome finished the Vulgate.
201,410,410,410 August 24,Decisive event in the decline of the Western Roman Empire.,Medieval,"Rome is sacked by Alaric, King of the Visigoths."
202,431,431,431 June 22 – July 31,"Confirmed the original Nicene Creed, and condemned the teachings of Nestorius, Patriarch of Constantinople, that led to his exile and separation with the Church of the East.",Medieval,Council of Ephesus
203,455,455,455 June 2,"Another decisive event in the Fall of Rome and held by some historians to mark the ""end of the Roman Empire"".",Medieval,"Rome is sacked by Genseric, King of the Vandals."
204,476,476,476 September 4,Considered by some historians to be the starting point of the Middle Ages.,Medieval,Odoacer deposes the Roman Emperor Romulus Augustulus
205,480,480,480 April 25,Considered by some historians to be the starting point of the Middle Ages.,Medieval,"Death of Julius Nepos, last Roman Emperor to be recognized as such by the Roman Senate and the Eastern court"
206,500,500,c. 500 ,Significant cultural exchange between the Maya of Tikal and the citizens of Teotihuacan.,Medieval,Tikal becomes the first great Maya city
207,500,500,c. 500 ,"The West Saxon advance is halted by Britons in England. Chiefly known today for the supposed involvement of King Arthur but because of the limited number of sources, there is no certainty about the date, location, or details of the fighting.",Medieval,Battle of Mons Badonicus.
208,507,507,507 Spring,The Visigoths retreated into Spain.,Medieval,The Franks under Clovis defeat the Visigoths in the Battle of Vouillé.
209,524,524,c. 524 ,It has been described as the single most important and influential work in the West on Medieval and early Renaissance Christianity.,Medieval,Boethius writes his Consolation of Philosophy
210,525,525,525,"This initiated the Anno Domini era, used for the Gregorian and Julian calendars.",Medieval,Dionysius Exiguus publishes the Dionysius Exiguus' Easter table.
211,527,527,527 August 1,"Justinian is best remembered for his Code of Civil Law (529), and expansion of imperial territory retaking Rome from the Ostrogoths.",Medieval,Justinian I becomes Eastern Roman Emperor.
212,529,529,529–534 ,This compiled centuries of legal writings and imperial pronouncements into three parts of one body of law.,Medieval,Justinian I publishes the Code of Civil Law.
213,529,529,529,"The first of twelve monasteries founded by Saint Benedict, beginning the Order of Saint Benedict.",Medieval,Benedict of Nursia founds monastery at Monte Cassino.
214,532,532,532 January 1,Nearly half the city being burned or destroyed and tens of thousands of people killed.,Medieval,Nika riots in Constantinople.
215,533,533,533 December 15,Vandal kingdom ends and the Reconquest of North Africa is completed.,Medieval,"Byzantines, under Belisarius, retake North Africa from the Vandals."
216,535,535,535–554 ,Byzantines retook Italy but crippled the Byzantine economy and left Italy unable to cope against the oncoming Lombards.,Medieval,Gothic War in Italy as a part of Justinian's Reconquest.
217,563,563,563,Constructed an abbey which helped convert the Picts to Christianity until it was destroyed and raided by the Vikings in 794.,Medieval,Saint Columba founds mission in Iona.
218,568,568,568,Survived in Italy until the invasion of the Franks in 774 under Charlemagne.,Medieval,The Kingdom of the Lombards is founded in Italy.
219,570,570,c. 570 ,"Professed receiving revelations from a god, which were recorded in the Quran, the basis of Islamic theology, in which he is regarded as the last of the sent prophets.",Medieval,Muhammad is born.
220,577,577,577,"Led to the permanent separation of Cornwall, England from Wales.",Medieval,The West Saxons continue their advance at the Battle of Deorham.
221,581,581,581–618 March 4 – May 23,China unified once again during this period for the first time in almost 400 years.,Medieval,Sui dynasty in China.
222,590,590,590 September 3,"The missionary work reached new levels during his pontificate, revolutionized the way of worship for the Catholic Church (Gregorian chant), liturgy, etc., and was soon canonized after his death.",Medieval,Gregory the Great becomes Pope.
223,597,597,597,Christianization of England (Anglo-Saxons) begins.,Medieval,Augustine arrives in Kent.
224,598,598,598–668 ,"Contributed to the fall of the Sui dynasty, and Goguryeo fell under the forces of the Tang and Silla.",Medieval,Massive Chinese (Sui and Tang) invasions against Korean Goguryeo.
225,600,600,c. 600 ,Destroys the Teotihuacan civilization and empire. Tikal is now the largest city-state in Mesoamerica.,Medieval,Deliberate fires set for unknown reasons destroy major buildings in Teotihuacan.
226,602,602,602–629 ,Long conflict leaves both empires exhausted and unable to cope with the newly united Arab armies under Islam in the 630s,Medieval,Last great Roman–Persian War.
227,604,604,604–609 ,Its main role throughout its history was the transport of grain to the capital.,Medieval,Grand Canal in China is fully completed
228,618,618,618–907 June 18 – June 1,The essential administrative system of this dynasty lasts for 286 years.,Medieval,Tang dynasty in China.
229,622,622,622 9 September – 23 September,"Event will have designated first year of the Islamic calendar, as Anno Hegirae.",Medieval,Muhammad migrates from Mecca to Medina.
230,626,626,626,"Constantinople saved, Avar power broken and Persians henceforth on the defensive",Medieval,Joint Persian–Avar–Slav Siege of Constantinople
231,627,627,627 December 12,"The Byzantines, under Heraclius, crush the Persians.",Medieval,Battle of Nineveh.
232,632,632,632 June 8,"By this point, all of Arabia is Muslim.",Medieval,Death of Muhammad
233,632,632,632–668 ,The demise of Old Great Bulgaria lead to the founding of the First Bulgarian Empire and Volga Bulgaria by the sons of Kubrat.,Medieval,Establishment and expansion of Old Great Bulgaria.
234,632,632,632 June 8,"Though the period of his caliphate was not long, it included successful invasions of the two most powerful empires of the time.",Medieval,Accession of Abu Bakr as first Caliph.
235,633,633,633–634 ,Northumbrian army under Oswald defeat Welsh army.,Medieval,Battle of Heavenfield.
236,638,638,638,,Medieval,"Jerusalem captured by the Arab army, mostly Muslims, but with contingents of Syrian Christians."
237,641,641,641,,Medieval,Battle of Nahavand. Muslims conquer Persia.
238,643,643,643,,Medieval,Arab Army led by Amr ibn al-As takes Alexandria.
239,645,645,645,"This initiates a period of imitation of Chinese culture, The Nara period begins a year later.",Medieval,"In Japan, the Soga clan falls."
240,650,650,650,,Medieval,Slav occupation of Balkans complete.
241,650,650,c. 650 ,Becomes an important cultural and commercial center.,Medieval,The city-state Xochicalco is founded by the Olmeca–Xicallanca.
242,663,663,663,Roman Christianity triumphs over Celtic Christianity in England.,Medieval,Synod of Whitby.
243,668,668,668,Established a Unified Silla which led to the North–South States Period 30 years later.,Medieval,End of the Three Kingdoms period in Korea.
244,674,674,674–678 ,"First time Islamic armies defeated, forestalling Islamic conquest of Europe.",Medieval,First Arab siege of Constantinople.
245,681,681,681,A country with great influence in the European history in the Middle Ages.,Medieval,Establishment of the Bulgarian Empire.
246,685,685,685,"Picts defeat Northumbrians, whose dominance ends.",Medieval,Battle of Dun Nechtain.
247,687,687,687,"Established Pepin of Herstal as mayor over the entire realms of Neustria and Austrasia, which further dwindled Merovingian power.",Medieval,Battle of Tertry
248,698,698,698,End of Byzantine rule in North Africa,Medieval,Arab army takes Carthage.
249,698,698,698,"Silla and Balhae coexisted in the south and north of the peninsula, respectively, until 926",Medieval,North–South States Period begins in Korea.
250,711,711,711,Will begin a period of Muslim rule within in the Al-Andalus (with various portions of Iberian peninsula) until nearly the end of the Fifteenth Century.,Medieval,Umayyad conquest of Hispania under Tarik.
251,718,718,718,The combined Byzantine–Bulgarian forces stop the Arab threat in Southeastern Europe.,Medieval,"Second Arab attack on Constantinople, ending in failure."
252,726,726,726,,Medieval,"Iconoclast movement begun in the Byzantine Empire under Leo III. This was opposed by Pope Gregory II, and an important difference between the Roman and Byzantine churches."
253,732,732,732 October,"Significant moment that led to the forming of the Carolingian Empire for the Franks, and halted the advancement of the Moors in southwestern Europe.",Medieval,Battle of Tours. Charles Martel halts Muslim advance.
254,735,735,735 26 May,"Bede was later regarded as ""the father of English history""",Medieval,Death of Bede.
255,750,750,750 25 January,"Would become the longest lasting caliphate, until 1519 when conquered and annexed into the Ottoman Empire.",Medieval,Beginning of Abbasid Caliphate.
256,751,751,751,,Medieval,Pepin the Short founds the Carolingian dynasty.
257,754,754,754,,Medieval,Pepin promises the Pope central Italy. This is arguably the beginning of the temporal power of the Papacy.
258,768,768,768,,Medieval,Beginning of Charlemagne's reign.
259,778,778,778 15 August,,Medieval,Battle of Roncevaux Pass.
260,786,786,786 14 September,,Medieval,Accession of Harun al-Rashid to the Caliphate in Baghdad.
261,793,793,793,"Generally considered the beginning of the Viking Age that would span over two centuries, and reach as far south as Hispania and as far east as the Byzantine Empire, and present day Russia.",Medieval,Sack of Lindisfarne. Viking attacks on Britain begin.
262,794,794,794,Considered to be the last classical period of History of Japan. Chinese influence was at its strongest during this era in Japan.,Medieval,Heian period in Japan.
263,795,795,795 29 July,Marks the end of Mercian dominance in England.,Medieval,Death of Offa.
264,800,800,800 25 December,"With his crowning, Charlemagne's kingdom is officially recognized by the Papacy as the largest in Europe since the fall of the Roman Empire.",Medieval,Charlemagne is crowned Holy Roman Emperor.
265,800,800,800,,Medieval,Gunpowder is invented in China (somewhere around 9th century)
266,814,814,814 28 January,Would be a factor towards the splitting of his empire almost 30 years later.,Medieval,Death of Charlemagne.
267,820,820,820,Muhammad ibn Musa- al-Khwarizmi,Medieval,Algebrae et Alumcabola Algorithm
268,825,825,825,Wessex becomes the leading kingdom of England.,Medieval,Battle of Ellandun.  Egbert defeats Mercians.
269,827,827,827,"First encounter of attempts to conquer Byzantine Sicily, until the last Byzantine outpost was conquered in 965.",Medieval,Muslims invade Sicily.
270,840,840,840,,Medieval,Muslims capture Bari and much of southern Italy.
271,843,843,843,Sets the stage for the founding of the Holy Roman Empire and France as separate states.,Medieval,Division of Charlemagne's Empire between his grandsons with the Treaty of Verdun.
272,843,843,843,,Medieval,"Kenneth McAlpin becomes king of the Picts and Scots, creating the Kingdom of Alba."
273,862,862,862,,Medieval,"Viking state in Russia founded under Rurik, first at Novgorod, then Kiev."
274,864,864,864,,Medieval,Christianization of Bulgaria.
275,866,866,866,Would become the most powerful clan during the Heian period in Japan for around three centuries.,Medieval,Fujiwara period in Japan.
276,866,866,866,"Northumbria, East Anglia, and Mercia were overwhelmed.",Medieval,Viking Great Army arrives in England.
277,868,868,868,,Medieval,Earliest known printed book in China with a date.
278,871,871,871,"He defended England from Viking invaders, formed new laws and fostered a rebirth of religious and scholarly activities.",Medieval,"Alfred the Great assumes the throne, the first king of a united England."
279,872,872,c. 872 ,,Medieval,Harold Fairhair becomes King of Norway.
280,874,874,874,,Medieval,Iceland is settled by Norsemen.
281,882,882,882,"Would be sustained until the Mongol invasion of Rus' over four and a half centuries, despite peaking during the middle 11th century during the reign of Yaroslav the Wise.",Medieval,Kievan Rus' is established.
282,885,885,885,Creation of the Cyrillic script  in the following decades the country became the cultural and spiritual centre of the whole Eastern Orthodox part of the Slavic World.,Medieval,Arrival of the disciples of Saints Cyril and Methodius in Bulgaria
283,885,885,885–886 ,,Medieval,Vikings attack Paris.
284,893,893,893,Golden age of the First Bulgarian Empire (896–927). The Cyrillic alphabet was developed in the Preslav Literary School and Ohrid Literary School. ,Medieval,Emperor Simeon I becomes ruler of the First Bulgarian Empire in the Balkans.
285,896,896,896,,Medieval,Arpad and the Magyars are present in Pannonia.
286,899,899,899 27 October,,Medieval,Death of Alfred the Great.
287,900,900,c. 900 ,Signifies the end of the Classic Period of Maya history. The Maya in northern Yucatán continue to thrive.,Medieval,Lowland Maya cities in the south collapse.
288,907,907,907,The Five Dynasties and Ten Kingdoms period in China commences.,Medieval,Tang Dynasty ends with Emperor Ai deposed.
289,910,910,910,,Medieval,"King Edward the Elder of England, son of King Alfred, defeats the Northumbrian Vikings at the Battle of Tettenhall; they never raid south of the River Humber again."
290,910,910,910,Cluny goes on to become the acknowledged leader of Western Monasticism. Cluniac Reforms initiated with the abbey's founding.,Medieval,"Cluny Abbey is founded by William I, Count of Auvergne."
291,911,911,911,,Medieval,"The Viking Rollo and his tribe settle in what is now Normandy by the terms of the Treaty of Saint-Clair-sur-Epte, founding the Duchy of Normandy."
292,913,913,913,,Medieval,Sri Kesari Warmadewa reigned in Walidwipa (Bali)
293,917,917,917,Recognition of the Imperial Title of the Bulgarian rulers.,Medieval,Battle of Anchialus. Simeon I the Great defeats the Byzantines.
294,919,919,919,Henry I considered the founder and first king of the medieval German state.,Medieval,"Henry the Fowler, Duke of Saxony elected German King.  First king of the Ottonian Dynasty."
295,925,925,925,"Tomislav united Croats of Dalmatia and Pannonia into a single Kingdom, and created a sizeable state.",Medieval,"The first King of Croatia (rex Croatorum), Tomislav (910–928) of the Trpimirović dynasty was crowned."
296,927,927,927,,Medieval,"King Aethelstan the Glorious unites the heptarchy of The Anglo-Saxon  nations of Wessex, Sussex, Essex, Kent, East Anglia, Mercia and Northumbria founding the Kingdom of England."
297,927,927,927,Bulgarian expansion to the west was stopped.,Medieval,"According to Theophanes Continuatus (The Continuer of Theophanes's Chronicle) – Tomislav of Croatia defeated Bulgarian army of Tsar Simeon I under Duke Alogobotur, in battle of the Bosnian Highlands."
298,927,927,927,,Medieval,"Death of Simeon I the Great. Recognition of the Bulgarian Patriarchate, the first independent National Church in Europe."
299,929,929,929,Beginning of the Caliphate of Córdoba (929–1031).,Medieval,Abd-ar-Rahman III of the Umayyad dynasty in al-Andalus (part of the Iberian peninsula) takes the title of Caliph or ruler of the Islamic world.
300,936,936,936,,Medieval,Wang Geon unified Later Three Kingdoms of Korea.
301,938,938,938,This event marked the independence of Vietnam after 1000 years under Chinese colony.,Medieval,Ngo Quyen won the battle of Bach Dang against Chinese Southern Han army.
302,955,955,955,This is the defining event that prevents the Hungarians from entering Central Europe.,Medieval,"Battle of Lechfeld. Otto the Great, son of Henry the Fowler, defeats the Magyars."
303,960,960,c.960 ,First historical ruler of Poland and de facto founder of the Polish State.,Medieval,Mieszko I becomes duke of Polans.
304,960,960,960,A 319-year period of Song rule (Northern & Southern combined) goes underway.,Medieval,"Song Dynasty begins after Emperor of Taizu usurps the throne from the Later Zhou, last of the Five Dynasties."
305,962,962,962,First to be crowned Holy Roman Emperor in nearly 40 years.,Medieval,Otto the Great crowned the Holy Roman Emperor.
306,963,963,963–964 ,Citizens of Rome promise not to elect another Pope without Imperial approval.,Medieval,Otto deposes Pope John XII who is replaced with Pope Leo VIII.
307,965,965,965–967 ,,Medieval,"Mieszko I of Poland and his court embrace Christianity, which becomes national religion."
308,969,969,969,Sultane of Rums are proclaimed.,Medieval,John I Tzimiskes and Nikephoros II are executed.
309,976,976,976,Under Basil II zenith of the power of Eastern Empire after Justinian.,Medieval,Death of John I Tzimiskes
310,978,978,978,"Peak of power of Moorish Iberia under ""Almanzor"".",Medieval,Al-Mansur Ibn Abi Aamir becomes de facto ruler of Muslim Al-Andalus.
311,981,981,981,Conquest finished by 1018.,Medieval,"Basil II (called ""Bulgar Slayer"") begins final conquest of Bulgaria by Eastern Empire."
312,985,985,985,,Medieval,"Eric the Red, exiled from Iceland, begins Scandinavian colonization of Greenland."
313,987,987,987,Beginning of Capetian Dynasty.,Medieval,Succession of Hugh Capet to the French Throne.
314,988,988,988,,Medieval,"Volodymyr I of Kiev embraces Christianity, which becomes national religion."
315,989,989,989,"The first movement of the Catholic Church using spiritual means to limit private war, and the first movement in medieval Europe to control society through non-violent means.",Medieval,Peace and Truce of God formed.
316,1001,1001,c. 1001 ,Ericson is to be the first European to settle in the Americas during the Norse exploration of the Americas.,Medieval,Leif Ericson is to settle during the winter in present-day Canada at L'Anse aux Meadows.
317,1016,1016,1016,Danes become kings of England for the next 26 years before the last rise of the Anglo-Saxons before the Norman Conquest.,Medieval,"Canute the Great becomes King of England after the death of Edmund Ironside, with whom he shared the English throne."
318,1018,1018,1018,Concludes the Byzantine conquest of Bulgaria.,Medieval,The Byzantines under Basil II conquer Bulgaria after a bitter 50-years struggle.
319,1021,1021,1021,"It is sometimes called the world's first novel, the first modern novel, the first psychological novel or the first novel still to be considered a classic.",Medieval,"The Tale of Genji, written by Murasaki Shikibu, is completed sometime before this date."
320,1025,1025,1025,Persian Avicenna set standard medical textbook through 18th century in Europe,Medieval,The Canon of Medicine
321,1037,1037,1037,"Would be a major force during the first two Crusades, and an antagonist to the Byzantine Empire over the next century.",Medieval,The Great Seljuk Empire is founded by Tughril Beg.
322,1049,1049,1049,"Leo IX was the pope that excommunicated Patriarch of Constantinople, Michael Cerularius (who also excommunicated Leo), which caused the Great Schism.",Medieval,Pope Leo IX ascends to the papal throne.
323,1050,1050,1050,"Early tool of marine navigators, astrologers, astronomers.",Medieval,"The astrolabe, an ancient tool of navigation, is first used in Europe."
324,1050,1050,1050,Edward the Confessor,Medieval,Westminster Abbey
325,1054,1054,1054,Tensions will vary between the Catholic and Orthodox churches throughout the Middle Ages.,Medieval,The East-West Schism which divided the church into Western Catholicism and Eastern Orthodoxy.
326,1066,1066,1066,End of Anglo-Saxon rule in England and start of Norman lineage.,Medieval,"William the Conqueror, Duke of Normandy, invades England and becomes King after the Battle of Hastings."
327,1067,1067,1067,This begins a period of church reform.,Medieval,Pope Gregory VII elevated to the papal throne.
328,1071,1071,1071,Beginning of the end of Byzantine rule in Asia Minor.,Medieval,"The Seljuks under Alp Arslan defeat the Byzantine army at Manzikert. The Normans capture Bari, the last Byzantine possession in southern Italy."
329,1075,1075,1075,"Peak of the Gregorian Reform, and an immense factor in the Investiture Controversy.",Medieval,Dictatus Papae in which Pope Gregory VII defines the powers of the pope.
330,1077,1077,1077,This helps establish Papal rule over European heads of state for another 450 years.,Medieval,"Holy Roman Emperor Henry IV  walks to Canossa where he stands barefoot in the snow to beg forgiveness of the Pope for his offences, and admitting defeat in the Investiture Controversy."
331,1077,1077,1077,The tower of London was the ultimate keep of the British Empire.,Medieval,The Construction of the Tower of London begins.
332,1086,1086,1086,This is the first such undertaking since Roman times.,Medieval,"The compilation of the Domesday Book, a great land and property survey commissioned by William the Conqueror to assess his new possessions."
333,1088,1088,1088,It is the oldest university in Europe.,Medieval,University of Bologna is formed.
334,1095,1095,1095,"This would be the first of 9 Major Crusades, and a number of other crusades that would spread into the late 13th century.",Medieval,"Pope Urban issues the Crusades to capture the Holy Land, and to repel the Seljuk Turks from the Byzantine Empire from Alexios I Komnenos."
335,1098,1098,1098,Was a return to the original observance of the Rule of St. Benedict.,Medieval,The Cistercian Order is founded.
336,1099,1099,1099,"This would lead to the beginning of the Kingdom of Jerusalem, which would last for nearly two centuries; within the era of the Crusades to the Holy Land.",Medieval,First Crusade. Jerusalem is re-taken from the Muslims on the urging of Pope Urban II.
337,1100,1100,1100,Constantine the African,Medieval,"Latin-translation of the great masters of Arabic medicine: Rhazes, Ishaq Ibn Imran, Ibn Suleiman, and Ibn al-Jazzar"
338,1102,1102,1102,"Medieval Hungary and Croatia were (in terms of public international law) allied by means of personal union until 1526. Although, Hungarian-Croatian state existed until the beginning of the 20th century and the Treaty of Trianon.",Medieval,Kingdom of Croatia and Kingdom of Hungary formed a personal union of two kingdoms united under the Hungarian king.
339,1102,1102,1102,"End of simony, clerical marriages, slavery under Anselm of Canterbury",Medieval,Synods of Westminster
340,1106,1106,1106 28 September,This victory made a later struggle between England and the rising Capetian power in France inevitable.,Medieval,"Henry I of England defeats his older brother Robert Curthose, duke of Normandy, at the Battle of Tinchebrai, and imprisons him in Devizes castle; Edgar Atheling and William Clito are also taken prisoner."
341,1107,1107,1107,This compromise removed one of the points of friction between the English monarchy and the Catholic Church.,Medieval,"Through the Compromise of 1107, suggested by Adela, the sister of King Henry, the Investiture Struggle in England is ended."
342,1109,1109,1109,Polish access to the sea is re-established.,Medieval,"In the Battle of Naklo, Boleslaus III Wrymouth defeats the Pomeranians."
343,1109,1109,1109 24 August,German expansion to the centre of Europe is stopped.,Medieval,"In the Battle of Hundsfeld, Boleslaus III Wrymouth defeats Emperor Henry V."
344,1116,1116,1116,The Turks abandon the entire coastal area of Anatolia and all of western Anatolia,Medieval,The Byzantine army defeats the Turks at Philomelion.
345,1117,1117,1117,It is the oldest university in the United Kingdom.,Medieval,The University of Oxford is founded.
346,1118,1118,1118,"Becomes the most recognizable, and impactful military orders during the Crusades.",Medieval,The Knights Templar are founded to protect Jerusalem and European pilgrims on their journey to the city.
347,1121,1121,1121 25 December,"This order played a significant role in evangelizing the Slavs, the Wends, to the east of the Holy Roman Empire.",Medieval,St. Norbert and 29 companions make their solemn vows marking the beginning of the Premonstratensian Order.
348,1122,1122,1122 23 September,"This concordat ended the investiture struggle, but bitter rivalry between emperor and pope remained.",Medieval,The Concordat of Worms was drawn up between Emperor Henry V and Pope Calixtus II.
349,1123,1123,1123 18 March - 27 March,,Medieval,The First Lateran Council followed and confirmed the Concordat of Worms.
350,1125,1125,1125,Irnerius,Medieval,School of Glossators
351,1125,1125,1125,This election marks the beginning of the great struggle between the Guelfs and the Ghibellines.,Medieval,"Lothair of Supplinburg, duke of Saxony, is elected Holy Roman Emperor instead of the nearest heir, Frederick of Swabia."
352,1125,1125,1125–1127 ,"The Jurchen soldiers sack Kaifeng, bringing an end to the Northern Song Dynasty in China; the Song moves further south and makes Lin'an their new capital.",Medieval,Jingkang Incident
353,1130,1130,1130 25 December,"This coronation marks the beginning of the Kingdom of Sicily and its Mediterranean empire under the Norman kings, which was able to take on the Holy Roman Empire, the Papacy, and the Byzantine Empire.",Medieval,"Roger II is crowned King of Sicily, a Royal title given him by the Antipope Anacletus II."
354,1130,1130,1130,Peter Abelard,Medieval,Sic et Non
355,1135,1135,1135,"This will mark a 19-year period of Government strife and Civil War between the supporters of Stephen and Matilda, and end with the crowning of Matilda's son, Henry II, and beginning the Plantagenet dynasty.",Medieval,The Anarchy begins in England.
356,1139,1139,1139 April,Enforces the major reforms that Gregory VII began to heavily campaign for several decades earlier.,Medieval,"The Second Lateran Council declared clerical marriages invalid, regulated clerical dress, and punished attacks on clerics by excommunication."
357,1140,1140,1140,Gratian,Medieval,Decretum
358,1144,1144,1144,Suger,Medieval,Rebuild of Basilica of Saint Denis
359,1147,1147,1147–1149 ,This was the first Crusade to have been led by European kings.,Medieval,"The Second Crusade was in retaliation for the fall of Edessa, one of the first Crusader States founded in the First Crusade. It was an overall failure."
360,1150,1150,1150,"This marriage gave the Kingdom of Aragon access to the Mediterranean Sea, creating a powerful kingdom which expanded to control many of the Mediterranean lands.",Medieval,"Ramon Berenguer IV, Count of Barcelona, married Queen Petronilla of Aragon. They had been betrothed in 1137."
361,1150,1150,1150,,Medieval,Founding of the University of Paris
362,1152,1152,1152,This synod marks the inclusion of the Irish Church into mainstream European Catholicism.,Medieval,The Synod of Kells-Mellifont established the present diocesan system of Ireland (with later modifications) and recognized the primacy of Armagh.
363,1154,1154,1154,Henry II,Medieval,Common Law
364,1158,1158,1158,This marks a new period of trade and economic development for northern and central Europe.,Medieval,The Hanseatic League is founded.
365,1163,1163,1163,,Medieval,The first cornerstone is laid for the construction of Notre Dame de Paris.
366,1166,1166,1166,This marks the rise of Serbia which will dominate the Balkans for the next three hundred years. Allies of Serbia at this moment become the Hungarian Kingdom and the Republic of Venice.,Medieval,"Stefan Nemanja united Serbian territories, establishing the Medieval Serbian state."
367,1171,1171,1171,"With his landing, Henry begins the English claim to and occupation of Ireland which would last some seven and a half centuries.",Medieval,King Henry II of England lands in Ireland to assert his supremacy and the Synod of Cashel acknowledges his sovereignty.
368,1174,1174,1174 7/12,This is the beginning of the gradual acquisition of Scotland by the English.,Medieval,"King William I of Scotland, captured in the Battle of Alnwick by the English, accepts the feudal lordship of the English crown and does ceremonial allegiance at York."
369,1175,1175,1175,This event marks the beginning of the Buddhist sectarian movement in Japan.,Medieval,Hōnen Shōnin (Genkū) founds the Jōdo shū (Pure Land) sect of Buddhism.
370,1176,1176,1176 5/29,"This is the first major defeat of cavalry by infantry, signaling the new role of the bourgeoisie.",Medieval,"At the Battle of Legnano, the cavalry of Frederick Barbarossa is defeated by the infantry of the Lombard League."
371,1175,1175,1175,Gerard of Cremona,Medieval,Latin-translation
372,1179,1179,1179,Third Council of the Lateran,Medieval,church schools
373,1179,1179,1179 March,,Medieval,"The Third Lateran Council limits papal electees to the cardinals alone, condemns simony, and forbids the promotion of anyone to the episcopate before the age of thirty."
374,1183,1183,1183,The various articles of the treaty destroyed the unity of the Empire and Germany and Italy underwent separate developments.,Medieval,"The final Peace of Constance between Frederick Barbarossa, the pope, and the Lombard towns is signed."
375,1183,1183,1183,The two-year conflict which follows ends at the Battle of Dan no Ura (1185).,Medieval,The Taira clan are driven out of Kyōto by Minamoto Yoshinaka.
376,1184,1184,1184 November,This bull set up the organization of the medieval inquisitions.,Medieval,Pope Lucius III issues the papal bull Ad Abolendam.
377,1185,1185,1185,,Medieval,Windmills are first recorded.
378,1185,1185,1185,,Medieval,Uprising of Asen and Peter. The reestablishment of the Bulgarian Empire.
379,1185,1185,1185,The elimination of the Taira leaves the Minamoto the virtual rulers of Japan and marks the beginning of the first period of feudal rule known as the Kamakura Period.,Medieval,"At the Battle of Dan no Ura, Minamoto Yoshitsune annihilates the Taira clan."
380,1186,1186,1186 1/27,This marriage shifts the focus of the Guelphs/Ghibelline struggle to Sicily and marks the ruin of the House of Hohenstaufen.,Medieval,"The future emperor Henry VI marries Constance of Sicily, heiress to the Sicilian throne."
381,1187,1187,1187,Would lead to the Third Crusade.,Medieval,Saladin recaptures Jerusalem.
382,1188,1188,1188,Oxford University,Medieval,Tractatus of Glanvil
383,1189,1189,1189 July 6,"His heavy taxation to finance his European ventures created an antipathy of barons and people toward the crown, but his being absent enabled the English to advance in their political development.",Medieval,Richard I ascends the throne of England.
384,1189,1189,1189–1192 ,"Despite managing to win several major battles, the Crusaders did not recapture Jerusalem.",Medieval,The Third Crusade follows upon Saladin's uniting the Muslim world and recapturing Jerusalem.
385,1192,1192,1192,He is the first of a long line of military dictators to bear this title. The institution would last until 1913.,Medieval,"Minamoto no Yoritomo is appointed Sei-i Taishōgun, or shōgun for short."
386,1193,1193,1193,This is the beginning of the decline of Buddhism in India.,Medieval,Muhammad bin Bakhtiyar Khilji sack and burn the university at Nalanda.
387,1193,1193,1193,,Medieval,The first known merchant guild.
388,1195,1195,1195,The Almohads pushed Christians to the north and stablished themselves as the supreme power in Al-Andalus,Medieval,Battle of Alarcos The Almohad Caliphate decisively defeat the Kingdom of Castile.
389,1199,1199,1199,,Medieval,Europeans first use compasses.
390,1202,1202,1202,Siege of Zara was the first major Crusade's action and the first attack against a Catholic city by Catholic crusaders.,Medieval,"The Fourth Crusade sacked Croatian town of Zadar (Italian: Zara), a rival of Venice despite letters from Pope Innocent III forbidding it."
391,1204,1204,1204,Considered to be the beginning of the decline of the Byzantine Empire.,Medieval,Sack of Constantinople during the Fourth Crusade.
392,1205,1205,1205,Beginning of the decline of the Latin Empire.,Medieval,Battle of Adrianople. The Bulgarians under Emperor Kaloyan defeat Baldwin I.
393,1206,1206,1206,"The Mongols would conquer much of Eurasia, changing former political borders.",Medieval,Genghis Khan was elected as Khagan of the Mongols and the Mongol Empire was established.
394,1208,1208,1208,,Medieval,Pope Innocent III calls for the Albigensian Crusade which seeks to destroy a rival form of Christianity practiced by the Cathars.
395,1209,1209,1209,,Medieval,The University of Cambridge is founded.
396,1209,1209,1209,"One of the more significant orders in the Roman Catholic church, founded by Saint Francis of Assisi.",Medieval,Founding of the Franciscan Order.
397,1212,1212,1212,"By 1238, only the small southern Emirate of Granada remained under Muslim control.",Medieval,"Spanish Christians succeed in defeating the Moors in the long Reconquista campaigns, after the Battle of Las Navas de Tolosa."
398,1215,1215,1215 15 June,This marks one of the first times a medieval ruler is forced to accept limits on his power.,Medieval,The Magna Carta is sealed by John of England.
399,1215,1215,1215,,Medieval,"Fourth Lateran Council. Dealt with transubstantiation, papal primacy and conduct of clergy. Proclaimed that Jews and Muslims should wear identification marks to distinguish them from Christians."
400,1216,1216,1216,,Medieval,Papal recognition of the Dominican Order.
401,1219,1219,1219,,Medieval,"Serbian Orthodox Church becomes autocephalous under St. Sava, its first Archbishop."
402,1227,1227,1227 18 August,"His kingdom is divided among his children and grandchildren: Empire of the Great Khan, Chagatai Khanate, Mongolian Homeland, and the Blue Horde and White Horde (which would later become the Golden Horde).",Medieval,Genghis Khan dies.
403,1237,1237,1237–1240 ,"Causes the split of Kievan Rus' into three components (present day Russia, Ukraine, Belarus, greatly effects various regions of raided lands in other parts of Europe; Golden Horde formed.",Medieval,Mongol invasion of Rus' resumes.
404,1257,1257,1257,,Medieval,Opening of the College of Sorbonne.
405,1257,1257,1257,This establishes a new form of government-limited regal authority.,Medieval,Provisions of Oxford forced upon Henry III of England.
406,1258,1258,1258 29 January– 10 February,Mongols (the Ilkhanate) ensure control of the region.  Generally considered the end of the Islamic Golden Age. ,Medieval,Siege of Baghdad by Ilkhanate Mongol forces
407,1258,1258,1258,The Mongol army was defeated by emperor Tran Thai Tong of Đại Việt,Medieval,The first Mongol invasion of Vietnam
408,1272,1272,1272–73 ,Considered to be the Last Major Crusade to take place in the Holy Land.,Medieval,The Ninth Crusade occurs.
409,1273,1273,1273 29 September,This begins the Habsburg de facto domination of the crown that lasted until is dissolution in 1806.,Medieval,Rudolph I of Germany is elected Holy Roman Emperor.
410,1274,1274,1274,Is the main staple of theology during the Middle Ages.,Medieval,"Thomas Aquinas' work, Summa Theologica is published, after his death."
411,1279,1279,1279 19 March,"Marks the end of the Song Dynasty in China, and all of China is under the rule of Kublai Khan as the emperor.",Medieval,Battle of Yamen.
412,1282,1282,1282,"Would mark a two decade period of war, and peace treaties mainly between Aragon, Sicily, and the Angevins.",Medieval,"Sicilian Vespers. Sicilians massacre Angevins over a six-week period, after a Frenchman harassed a woman."
413,1283,1283,1283,"Presided by king Peter III of Aragon for the whole Principality of Catalonia, it became in one of the first parliamentary bodies that banned the royal power to create legislation unilaterally.",Medieval,First regulated Catalan Courts.
414,1285,1285,1285,The Mongol army was defeated by emperor Tran Nhan Tong and general Tran Hung Dao.,Medieval,The second Mongol invasion of Vietnam
415,1287,1287,1287,"Decisive Vietnam victory. To avoid further conflict, Đại Việt agreed to a tributary relationship with the Yuan dynasty",Medieval,The third Mongol invasion of Vietnam
416,1296,1296,1296,,Medieval,"Edward I of England invades Scotland, starting the First War of Scottish Independence."
417,1297,1297,1297 11 September,William Wallace emerges as the leader of the Scottish resistance to England.,Medieval,The Battle of Stirling Bridge.
418,1298,1298,1298,A key step to the bridging of Asia and Europe in trade.,Medieval,"Marco Polo publishes his tales of China, along with Rustichello da Pisa."
419,1299,1299,1299 27 July,"Becomes longest lasting Islamic Empire, lasting over 600 years into the 20th century.",Medieval,The Ottoman Empire is founded by Osman I.
420,1305,1305,1305 Wednesday August 23,,Medieval,William Wallace is executed for treason.
421,1307,1307,"1307 Friday, October 13th",Hastens the demise of the order within a decade.,Medieval,"The Knights Templar are rounded up and murdered by Philip the Fair of France, with the backing of the Pope."
422,1307,1307,1307,Begins a period of over seven decades of the Papacy outside of Rome that would be one of the major factors of the Western Schism.,Medieval,Beginning of the Babylonian Captivity of the Papacy during which the Popes moved to Avignon.
423,1310,1310,1310,"Is one of the most defining works of literature during the Late Middle Ages, and among the most recognizable in all of literature.",Medieval,Dante publishes his Divine Comedy.
424,1314,1314,1314 23–24 June,Robert the Bruce restores Scotland's de facto independence.,Medieval,Battle of Bannockburn.
425,1325,1325,1325,This would later be the epicenter and capital of the Aztec Empire until the Siege of Tenochtitlan 200 years later.,Medieval,The Mexica found the city of Tenochtitlan.
426,1328,1328,1328,,Medieval,The First War of Scottish Independence ends in Scottish victory with the Treaty of Edinburgh-Northampton and de jure independence.
427,1323,1323,1323,,Medieval,Romance of the three kingdoms
428,1330,1330,1330 28 July,,Medieval,Battle of Velbazhd.
429,1333,1333,1333,"The Kamakura Shogunate comes to an end, and the Kenmu Restoration only lasts a few years before the Ashikaga Shogunate begins.",Medieval,"Emperor Go-Daigo returns to the throne from exile, and begins the Kenmu restoration."
430,1337,1337,1337,The war will span through three/four different war periods within a 116-year period.,Medieval,The Hundred Years' War begins. England and France struggle for a dominating position in Europe and their region.
431,1346,1346,1346 August 26th,"English forces led by Edward III and Edward, the Black Prince defeat the French forces of Philip VI despite being outnumbered at least 4 to 1, with the longbow being a major factor in favor of England. Also considered to be the beginning of the end of classic chivalry.",Medieval,Battle of Crécy.
432,1347,1347,1347,"The first of many concurrences of this plague, This was believed to have wiped out as many as 50% of Europe's population by its end.",Medieval,The Black Death ravages Europe for the first of many times. An estimated 20% – 40% of the population is thought to have perished within the first year.
433,1347,1347,1347,It is the oldest Czech and German-Speaking University in the world,Medieval,The University of Prague is founded.
434,1364,1364,1364,Giovanni de dondi,Medieval,Astrarium
435,1368,1368,1368,"The breakup of the Mongol Empire, which marked the end of Pax Mongolica.",Medieval,"The fall of the Yuan Dynasty. Its remnants, known as Northern Yuan, continued to rule Mongolia."
436,1370,1370,1370,"During this 35-year period, Tamerlane would ravage his fellow Islamic states such as the Golden Horde and the Delhi Sultanate in order to accomplish his goal of a restored Mongol Empire.",Medieval,Tamerlane establishes the Timurid Dynasty.
437,1378,1378,1378,The Avignon Papacy ends.,Medieval,The Western Schism during which three claimant popes were elected simultaneously.
438,1380,1380,1380,,Medieval,Prince Dmitry Donskoy of Moscow led a united Russian army to a victory over the Mongols in the Battle of Kulikovo.
439,1380,1380,1380,"Chaucer's greatest work, and one of the foundations towards the formation of the Modern English language",Medieval,Chaucer begins to write The Canterbury Tales.
440,1381,1381,1381,"Quickest-spread revolt in English history, and the most popular revolt of the Late Middle Ages.",Medieval,Peasants' Revolt in England.
441,1381,1381,1381,First print published in English (Vulgate),Medieval,The Bible is translated into English by John Wycliffe.
442,1386,1386,1386 October 18–19th,It is the oldest university in Germany.,Medieval,The University of Heidelberg is founded.
443,1389,1389,1389 June 28th,"This was in many respects the decisive battle between the Turks, led by Sultan Murat, and Christian army, led by the Serbs and their duke Lazar. The battle took place in Kosovo, the southern province of the Medieval Serbian Empire. After this battle Turkish empire continued to spread over the Balkans, to finally reach Vienna.",Medieval,Battle of Kosovo in Serbia.
444,1392,1392,1392,Becomes longest reigning Korean dynasty.,Medieval,Joseon Dynasty founded in Korea.
445,1396,1396,1396,The last great Crusade fails. Bulgaria was conquered by the Ottomans,Medieval,The Battle of Nicopolis.
446,1397,1397,1397,"Queen Margaret I of Denmark unites the Denmark, Sweden, and Norway, and lasts until 1523.",Medieval,The Kalmar Union is formed.
447,1399,1399,1399,"End of Plantagenet Dynasty, beginning of the Lancaster lineage of kings.",Medieval,"Richard II abdicates the throne to Henry of Bolingbroke, who becomes Henry IV of England."
448,1402,1402,1402 July 20th,"Bayezid I is captured by Tamerlane's forces, causing the interregnum of the Ottoman Empire.",Medieval,Battle of Ankara
449,1405,1405,1405,"This will be the first of seven of the Ming Dynasty-sponsored expeditions, lasting until 1433.",Medieval,"Chinese naval expeditions of Southeast Asia and the Indian Ocean (to Eastern Africa) begin, under the leadership of Zheng He."
450,1409,1409,1409,"Dalmatia would with some interruptions remain under Venetian rule for nearly four centuries, until 1797.",Medieval,"Ladislaus of Naples sells his ""rights"" on Dalmatia to the Venetian Republic for 100,000 ducats."
451,1410,1410,1410,"Major turning point in history of Lithuania, Poland and the Teutonic Order.",Medieval,Battle of Grunwald
452,1415,1415,1415,Beginning of the Portuguese Empire. Beginning of the Age of Discovery.,Medieval,Kingdom of Portugal conquers Ceuta.
453,1415,1415,1415 October 25,"The turning point in the Hundred Years' War for 15th-century England that leads to the signing of the Treaty of Troyes five years later, making Henry V heir to the throne of France.",Medieval,"Battle of Agincourt. Henry V and his army defeat a numerically superior French army, partially because of the newly introduced English longbow."
454,1417,1417,1417,"The Western Schism comes to a close, and elects Pope Martin V as the sole pope.",Medieval,The Council of Constance ends.
455,1419,1419,1419,"Although the war was a stalemate (ended around 1434), it was another factor that[clarification needed] between the Catholics and Protestants before the Protestant Reformation.",Medieval,"Hussite Wars begin after four years after the death of Jan Hus in central Europe, dealing with the followers of Jan Hus and those against them."
456,1428,1428,1428,"Signifies the birth of the Aztec Empire and the start of an aggressive expansion lasting 90 years. Itzcoatl and his men began burning historic hieroglyphic books of conquered states, rewriting history with the Mexica at its center.",Medieval,"Itzcoatl, the fourth Mexica king in Tenochtitlán, allied with Texcoco and Tlacopan, defeats Azcapotzalco."
457,1429,1429,1429,The battle at Orléans is the first of many which ultimately drive the English from continental Europe.,Medieval,"Joan of Arc lifts the siege of Orléans for the Dauphin of France, enabling him to eventually be crowned at Reims."
458,1431,1431,1431 30 May,Death of the woman who helped turn the Hundred Years' War in favor of the French over the past two years.,Medieval,Trial and execution of Joan of Arc.
459,1434,1434,1434,"This ushers in a period of significance of the Medicis, such as bankers, popes, queens (regents) and dukes, throughout Europe (mainly Italy, especially the Florentine Republic), over the next three centuries.",Medieval,The Medici family rises to prominence in Florence.
460,1434,1434,1434,evidence on usage of convex mirror,Medieval,Aronolfini Portrait Jan Van Eyck
461,1438,1438,1438,Inca civilization begins expanding and the Inca Empire is born.,Medieval,Prince Cusi Yupanqui becomes the first Inca emperor.
462,1439,1439,1439,"Literature, news, etc. becomes more accessible throughout Europe.",Medieval,Johannes Gutenberg invents the printing press.
463,1442,1442,1442,Third significant victory for the Hungarian forces led by Janos Hunyadi over the Ottoman forces.,Medieval,Battle of Szeben
464,1443,1443,1443,Koreans gain an alphabet suited to their language,Medieval,Sejong the Great creates Hangul
465,1444,1444,1444 November 10,"Final battle of the Crusade of Varna; Ottomans are victorious over the Hungarian-Polish armies, and Władysław III of Poland dies.",Medieval,Battle of Varna
466,1452,1452,1452,,Medieval,Coronation of Frederick III
467,1453,1453,1453,End of the Byzantine Empire (or Eastern Roman Empire to some) Constantinople becomes capital of Ottoman Empire.,Medieval,Constantinople falls to the Ottoman Turks.
468,1453,1453,1453,"England's once vast territory in France is now reduced to only Calais, which they eventually lose control of as well.",Medieval,The Hundred Years' War ends.
469,1455,1455,1455 May 22,Traditionally marks the beginning of the War of the Roses.,Medieval,Battle of St. Albans
470,1456,1456,1456,Major Ottoman advances are halted for seven decades  last major victory for Hunyadi.,Medieval,Siege of Belgrade
471,1459,1459,1459,Marks the end of the Medieval Serbian state.,Medieval,Smederevo falls under the Turks
472,1461,1461,1461,Last Roman outpost to be conquered by the Ottomans.,Medieval,The Empire of Trebizond falls to the Ottoman Turks.
473,1464,1464,1464,Turkish Munir Ali,Medieval,Dardanelles gun
474,1467,1467,1467–1477 ,First of many significant civil wars between shogunates that would continue for another century during the Muromachi period.,Medieval,Ōnin War takes place in Japan.
475,1475,1475,1475,Venice is defeated and the Ottoman Empire becomes master of the Aegean Sea.,Medieval,The Khanate of Crimea is conquered and made a vassal state by the Ottoman Empire.
476,1485,1485,1485,Perhaps the best-known work of Arthurian literature in English.,Medieval,Thomas Malory composes Le Morte d'Arthur
477,1485,1485,1485 August 22nd,"Richard III dies in battle, and Henry Tudor becomes king of England; last shift of Houses/kingship during the War of the Roses.",Medieval,Battle of Bosworth Field.
478,1487,1487,1487 June 16,Marks end of the War of the Roses.,Medieval,Battle of Stoke.
479,1492,1492,1492,Marks end of Moorish-Muslim rule within Iberian Peninsula  Unification of Spain.,Medieval,Reconquista ends.
480,1492,1492,1492,Age of Discovery into the New World begins.,Medieval,Christopher Columbus reaches the New World.
481,1494,1494,1494 June 10,"Pope's ruling will lead to the division of Brazil and Spanish America, as well as the formation of the Spanish Philippines and Portuguese colonies in India and Africa.",Medieval,Spain and Portugal sign the Treaty of Tordesillas and agree to divide the World outside of Europe between themselves.
482,1494,1494,1494–1559 ,Italian Wars will eventually lead to the downfall of the Italian city-states.,Medieval,The Italian Wars.
483,1497,1497,1497,Vasco da Gama was the first European to sail directly to Eastern Asia from Europe.,Medieval,Vasco da Gama begins his first voyage from Europe to India and back.
484,1499,1499,1499,The first naval battle that used cannons in ships.,Medieval,Ottoman fleet defeats Venetians at the Battle of Zonchio.
